No,Tahun,No LP,Kode Perkara,Jenis Perkara,Kecamatan,Bulan,Judul Media Nasional,Judul Media Lokal
1,2020,LP/001/2020/PSM,CUR-2020-001,Curat,Lubuk Sikaping,Januari,Pencurian Rumah Terjadi Saat Pemilik Berada di Luar Kota di Pasaman,Rumah Warga Dibobol Saat Pemilik ke Luar Kota
2,2020,LP/002/2020/PSM,CUR-2020-002,Curat,Bonjol,Februari,Aksi Pencurian Terjadi di Permukiman Lama Pasaman,Permukiman Lama Pasaman Disasar Pencuri
3,2020,LP/003/2020/PSM,CUR-2020-003,Curat,Rao,Maret,Kasus Pencurian Terjadi di Wilayah Perdesaan Pasaman,Wilayah Desa Pasaman Jadi Lokasi Pencurian
4,2020,LP/004/2020/PSM,CUR-2020-004,Curat,Rao Selatan,April,Pencurian Terjadi Saat Malam Hari di Kabupaten Pasaman,Pencurian Malam Hari Resahkan Warga
5,2020,LP/005/2020/PSM,CUR-2020-005,Curat,Panti,Mei,Pencurian Menyasar Rumah Kosong di Pasaman,Rumah Kosong di Pasaman Jadi Sasaran Pencurian
6,2020,LP/006/2020/PSM,CUR-2020-006,Curat,Duo Koto,Juni,Kasus Pencurian Barang Elektronik Terjadi di Pasaman,Barang Elektronik Warga Pasaman Dicuri
7,2020,LP/007/2020/PSM,CUR-2020-007,Curat,Mapat Tunggul,Juli,Pencurian Dilaporkan dari Kawasan Pinggiran Pasaman,Wilayah Pinggiran Pasaman Laporkan Pencurian
8,2020,LP/008/2020/PSM,CUR-2020-008,Curat,Padang Gelugur,Agustus,Aksi Pencurian Terjadi Saat Subuh di Pasaman,Pencurian Subuh Hari Terjadi di Pasaman
9,2020,LP/009/2020/PSM,CUR-2020-009,Curat,Lubuk Sikaping,September,Pencurian Terjadi di Perumahan Baru Pasaman,Perumahan Baru Pasaman Dilaporkan Terjadi Pencurian
10,2020,LP/010/2020/PSM,CUR-2020-010,Curat,Bonjol,Oktober,Kasus Pencurian Terjadi di Area Padat Aktivitas Pasaman,Area Padat Aktivitas Pasaman Disasar Pencuri
11,2020,LP/011/2020/PSM,CUR-2020-011,Curat,Rao,November,Pencurian Terjadi di Sekitar Pertokoan Pasaman,Area Pertokoan Pasaman Dilaporkan Terjadi Pencurian
12,2020,LP/012/2020/PSM,CUR-2020-012,Curat,Rao Selatan,Desember,Kasus Pencurian Terjadi di Lingkungan Sekolah Pasaman,Lingkungan Sekolah Pasaman Dilaporkan Terjadi Pencurian
13,2020,LP/013/2020/PSM,CUR-2020-013,Curat,Panti,Januari,Pencurian Terjadi Saat Rumah Tidak Berpenghuni di Pasaman,Rumah Tak Berpenghuni di Pasaman Dibobol
14,2020,LP/014/2020/PSM,CUR-2020-014,Curat,Duo Koto,Februari,Kasus Pencurian Terjadi di Permukiman Padat Penduduk Pasaman,Permukiman Padat Penduduk Pasaman Disasar Pencuri
15,2020,LP/015/2020/PSM,CUR-2020-015,Curat,Mapat Tunggul,Maret,Pencurian Terjadi di Area Perkebunan Pasaman,Area Perkebunan Pasaman Dilaporkan Terjadi Pencurian
16,2020,LP/016/2020/PSM,CUR-2020-016,Curat,Padang Gelugur,April,Kasus Pencurian Dilaporkan dari Kecamatan di Pasaman,Laporan Pencurian Masuk dari Kecamatan di Pasaman
17,2020,LP/017/2020/PSM,CUR-2020-017,Curat,Lubuk Sikaping,Mei,Pencurian Terjadi Saat Pemilik Rumah Terlelap di Pasaman,"Pemilik Terlelap, Rumah di Pasaman Dibobol"
18,2020,LP/018/2020/PSM,CUR-2020-018,Curat,Bonjol,Juni,Kasus Pencurian Terjadi di Wilayah Perbatasan Pasaman,Wilayah Perbatasan Pasaman Dilaporkan Terjadi Pencurian
19,2020,LP/019/2020/PSM,CUR-2020-019,Curat,Rao,Juli,Pencurian Terjadi Saat Hujan Lebat di Pasaman,Hujan Lebat Dimanfaatkan Pelaku Pencurian
20,2020,LP/020/2020/PSM,CUR-2020-020,Curat,Rao Selatan,Agustus,Rentetan Kasus Pencurian Terjadi Sepanjang 2020 di Pasaman,Serangkaian Kasus Pencurian Terjadi Sepanjang 2020
21,2020,LP/021/2020/PSM,CUR-2020-021,Curas,Panti,September,Pencurian Disertai Kekerasan Terjadi di Jalan Umum Pasaman,Warga Pasaman Jadi Korban Pencurian dengan Kekerasan
22,2020,LP/022/2020/PSM,CUR-2020-022,Curas,Duo Koto,Oktober,Perampasan Disertai Kekerasan Terjadi di Pasaman,Kasus Perampasan Disertai Kekerasan Terjadi di Pasaman
23,2020,LP/023/2020/PSM,CUR-2020-023,Curas,Mapat Tunggul,November,Curas Terjadi Saat Warga Beraktivitas di Luar Rumah Pasaman,Curas Menimpa Warga Saat Beraktivitas di Pasaman
24,2020,LP/024/2020/PSM,PEN-2020-024,Penipuan,Padang Gelugur,Desember,Penipuan Transaksi Online Dilaporkan di Pasaman,Warga Pasaman Laporkan Penipuan Online
25,2020,LP/025/2020/PSM,PEN-2020-025,Penipuan,Lubuk Sikaping,Januari,Penipuan Berkedok Investasi Terjadi di Pasaman,Warga Pasaman Tertipu Investasi Bodong
26,2020,LP/026/2020/PSM,PEN-2020-026,Penipuan,Bonjol,Februari,Penipuan Jual Beli Terjadi di Pasaman,Korban Laporkan Penipuan Jual Beli
27,2020,LP/027/2020/PSM,PEN-2020-027,Penipuan,Rao,Maret,Penipuan Mengatasnamakan Instansi Terjadi di Pasaman,Penipuan Mengaku Instansi Terjadi di Pasaman
28,2020,LP/028/2020/PSM,PEN-2020-028,Penipuan,Rao Selatan,April,Penipuan Lewat Media Sosial Terjadi di Pasaman,Penipuan Media Sosial Dilaporkan Warga
29,2020,LP/029/2020/PSM,PEN-2020-029,Penipuan,Panti,Mei,Penipuan Bermodus Hadiah Terjadi di Pasaman,Modus Hadiah Digunakan Pelaku Penipuan
30,2020,LP/030/2020/PSM,PEN-2020-030,Penipuan,Duo Koto,Juni,Penipuan Janji Pekerjaan Terjadi di Pasaman,Penipuan Janji Kerja Dilaporkan
31,2020,LP/031/2020/PSM,PEN-2020-031,Penipuan,Mapat Tunggul,Juli,Penipuan via Telepon Terjadi di Pasaman,Penipuan via Telepon Menimpa Warga
32,2020,LP/032/2020/PSM,PEN-2020-032,Penipuan,Padang Gelugur,Agustus,Penipuan Berkedok Pinjaman Terjadi di Pasaman,Modus Pinjaman Digunakan Pelaku Penipuan
33,2020,LP/033/2020/PSM,PEN-2020-033,Penipuan,Lubuk Sikaping,September,Kasus Penipuan Mengakibatkan Kerugian Finansial di Pasaman,Korban Alami Kerugian Akibat Penipuan
34,2020,LP/034/2020/PSM,PEN-2020-034,Pencabulan Anak,Bonjol,Oktober,Dugaan Pencabulan Anak Terjadi di Lingkungan Permukiman Pasaman,Kasus Pencabulan Anak Dilaporkan dari Permukiman
35,2020,LP/035/2020/PSM,PEN-2020-035,Pencabulan Anak,Rao,November,Pencabulan Anak Terjadi di Wilayah Perdesaan Pasaman,Wilayah Desa Pasaman Laporkan Pencabulan Anak
36,2020,LP/036/2020/PSM,PEN-2020-036,Pencabulan Anak,Rao Selatan,Desember,Kasus Pencabulan Anak Terjadi di Lingkungan Keluarga Pasaman,Pencabulan Anak Dilaporkan dari Lingkungan Keluarga
37,2020,LP/037/2020/PSM,PEN-2020-037,Pencabulan Anak,Panti,Januari,Pencabulan Anak Terjadi di Rumah Korban Pasaman,Pencabulan Anak Terjadi di Rumah Korban
38,2020,LP/038/2020/PSM,PEN-2020-038,Pencabulan Anak,Duo Koto,Februari,Kasus Pencabulan Anak Terjadi di Lingkungan Sekolah Pasaman,Lingkungan Sekolah Pasaman Laporkan Pencabulan Anak
39,2020,LP/039/2020/PSM,PEN-2020-039,Pencabulan Anak,Mapat Tunggul,Maret,Pencabulan Anak Terjadi di Area Publik Pasaman,Area Publik Pasaman Dilaporkan Terjadi Pencabulan Anak
40,2020,LP/040/2020/PSM,PEN-2020-040,Pencabulan Anak,Padang Gelugur,April,Kasus Pencabulan Anak Terjadi di Lingkungan Tetangga Pasaman,Lingkungan Tetangga Pasaman Laporkan Pencabulan Anak
41,2020,LP/041/2020/PSM,PEN-2020-041,Pencabulan Anak,Lubuk Sikaping,Mei,Pencabulan Anak Terjadi di Permukiman Padat Pasaman,Permukiman Padat Pasaman Laporkan Pencabulan Anak
42,2020,LP/042/2020/PSM,PEN-2020-042,Pencabulan Anak,Bonjol,Juni,Kasus Pencabulan Anak Terjadi di Wilayah Pinggiran Pasaman,Wilayah Pinggiran Pasaman Laporkan Pencabulan Anak
43,2020,LP/043/2020/PSM,PEN-2020-043,Pencabulan Anak,Rao,Juli,Pencabulan Anak Terjadi di Area Perkebunan Pasaman,Area Perkebunan Pasaman Laporkan Pencabulan Anak
44,2020,LP/044/2020/PSM,PEN-2020-044,Pencabulan Anak,Rao Selatan,Agustus,Kasus Pencabulan Anak Terjadi di Lingkungan Rumah Kontrakan Pasaman,Rumah Kontrakan Pasaman Laporkan Pencabulan Anak
45,2020,LP/045/2020/PSM,PEN-2020-045,Pencabulan Anak,Panti,September,Pencabulan Anak Terjadi di Lingkungan Sosial Pasaman,Lingkungan Sosial Pasaman Laporkan Pencabulan Anak
46,2020,LP/046/2020/PSM,PEN-2020-046,Pencabulan Anak,Duo Koto,Oktober,Kasus Pencabulan Anak Terjadi di Lingkungan Tempat Tinggal Pasaman,Lingkungan Tempat Tinggal Pasaman Laporkan Pencabulan Anak
47,2020,LP/047/2020/PSM,PEN-2020-047,Pencabulan Anak,Mapat Tunggul,November,Pencabulan Anak Terjadi di Lingkungan Kerabat Pasaman,Lingkungan Kerabat Pasaman Laporkan Pencabulan Anak
48,2020,LP/048/2020/PSM,PEN-2020-048,Pencabulan Anak,Padang Gelugur,Desember,Kasus Pencabulan Anak Terjadi di Sekitar Fasilitas Umum Pasaman,Fasilitas Umum Pasaman Laporkan Pencabulan Anak
49,2020,LP/049/2020/PSM,PEN-2020-049,Pencabulan Anak,Lubuk Sikaping,Januari,Pencabulan Anak Terjadi di Lingkungan Perbatasan Pasaman,Wilayah Perbatasan Pasaman Laporkan Pencabulan Anak
50,2020,LP/050/2020/PSM,PEN-2020-050,Pencabulan Anak,Bonjol,Februari,Kasus Pencabulan Anak Terjadi di Area Pemukiman Lama Pasaman,Pemukiman Lama Pasaman Laporkan Pencabulan Anak
51,2020,LP/051/2020/PSM,PEN-2020-051,Pencabulan Anak,Rao,Maret,Pencabulan Anak Terjadi di Lingkungan Asrama Pasaman,Asrama Pasaman Laporkan Kasus Pencabulan Anak
52,2020,LP/052/2020/PSM,PEN-2020-052,Pencabulan Anak,Rao Selatan,April,Kasus Pencabulan Anak Terjadi di Area Pendidikan Nonformal Pasaman,Pendidikan Nonformal Pasaman Laporkan Pencabulan Anak
53,2020,LP/053/2020/PSM,PEN-2020-053,Pencabulan Anak,Panti,Mei,Pencabulan Anak Terjadi di Lingkungan Sosial Terbuka Pasaman,Lingkungan Sosial Terbuka Pasaman Laporkan Pencabulan Anak
54,2020,LP/054/2020/PSM,LAI-2020-054,Lainnya,Duo Koto,Juni,Penganiayaan Antarwarga Terjadi di Pasaman,Penganiayaan Antarwarga Dilaporkan
55,2020,LP/055/2020/PSM,LAI-2020-055,Lainnya,Mapat Tunggul,Juli,Penganiayaan Terjadi Akibat Perselisihan,Perselisihan Berujung Penganiayaan
56,2020,LP/056/2020/PSM,LAI-2020-056,Lainnya,Padang Gelugur,Agustus,Kasus Penganiayaan Terjadi di Tempat Umum Pasaman,Penganiayaan Terjadi di Tempat Umum
57,2020,LP/057/2020/PSM,LAI-2020-057,Lainnya,Lubuk Sikaping,September,Penganiayaan Terjadi di Lingkungan Permukiman Pasaman,Penganiayaan Dilaporkan di Permukiman
58,2020,LP/058/2020/PSM,LAI-2020-058,Lainnya,Bonjol,Oktober,Kasus Penganiayaan Terjadi di Wilayah Perdesaan Pasaman,Penganiayaan Terjadi di Wilayah Desa
59,2020,LP/059/2020/PSM,LAI-2020-059,Lainnya,Rao,November,Kasus Penggelapan Kendaraan Terjadi di Pasaman,Penggelapan Kendaraan Dilaporkan
60,2020,LP/060/2020/PSM,LAI-2020-060,Lainnya,Rao Selatan,Desember,Penggelapan Uang Usaha Terjadi di Pasaman,Kasus Penggelapan Uang Dilaporkan
61,2020,LP/061/2020/PSM,LAI-2020-061,Lainnya,Panti,Januari,Penggelapan Barang Titipan Terjadi di Pasaman,Barang Titipan Digelapkan
62,2020,LP/062/2020/PSM,LAI-2020-062,Lainnya,Duo Koto,Februari,Kasus Perjudian Dilaporkan Terjadi di Pasaman,Perjudian Dilaporkan Terjadi
63,2020,LP/063/2020/PSM,LAI-2020-063,Lainnya,Mapat Tunggul,Maret,Aktivitas Judi Konvensional Dilaporkan di Pasaman,Praktik Judi Konvensional Dilaporkan
64,2020,LP/064/2020/PSM,LAI-2020-064,Lainnya,Padang Gelugur,April,Kasus KDRT Dilaporkan Terjadi di Pasaman,KDRT Dilaporkan
65,2020,LP/065/2020/PSM,LAI-2020-065,Lainnya,Lubuk Sikaping,Mei,Kasus Pengancaman Dilaporkan Terjadi di Pasaman,Pengancaman Dilaporkan
66,2020,LP/066/2020/PSM,LAI-2020-066,Lainnya,Bonjol,Juni,Kasus Pemerasan Dilaporkan Terjadi di Pasaman,Pemerasan Dilaporkan
67,2020,LP/067/2020/PSM,LAI-2020-067,Lainnya,Rao,Juli,Perusakan Fasilitas Warga Dilaporkan di Pasaman,Perusakan Fasilitas Dilaporkan
68,2020,LP/068/2020/PSM,LAI-2020-068,Lainnya,Rao Selatan,Agustus,Kasus Penelantaran Anak Dilaporkan di Pasaman,Penelantaran Anak Dilaporkan
69,2020,LP/069/2020/PSM,LAI-2020-069,Lainnya,Panti,September,Kasus Penadahan Dilaporkan Terjadi di Pasaman,Penadahan Dilaporkan
70,2020,LP/070/2020/PSM,LAI-2020-070,Lainnya,Duo Koto,Oktober,Kasus Tindak Pidana Umum Dilaporkan di Pasaman,Tindak Pidana Umum Dilaporkan
71,2020,LP/071/2020/PSM,LAI-2020-071,Lainnya,Mapat Tunggul,November,Kasus Pelanggaran Ketertiban Umum Terjadi di Pasaman,Pelanggaran Ketertiban Umum Dilaporkan
72,2021,LP/001/2021/PSM,CUR-2021-001,Curat,Lubuk Sikaping,Januari,Pencurian Rumah Terjadi Saat Pemilik Bekerja di Kabupaten Pasaman,Rumah Warga Dibobol Saat Pemilik Bekerja
73,2021,LP/002/2021/PSM,CUR-2021-002,Curat,Bonjol,Februari,Aksi Pencurian Terjadi di Permukiman Lama Pasaman,Permukiman Lama Pasaman Dilaporkan Terjadi Pencurian
74,2021,LP/003/2021/PSM,CUR-2021-003,Curat,Rao,Maret,Kasus Pencurian Terjadi di Wilayah Perdesaan Pasaman,Wilayah Desa Pasaman Jadi Lokasi Pencurian
75,2021,LP/004/2021/PSM,CUR-2021-004,Curat,Rao Selatan,April,Pencurian Terjadi Saat Malam Hari di Kabupaten Pasaman,Pencurian Malam Hari Resahkan Warga
76,2021,LP/005/2021/PSM,CUR-2021-005,Curat,Panti,Mei,Pencurian Menyasar Rumah Kosong di Pasaman,Rumah Kosong Menjadi Sasaran Pencurian
77,2021,LP/006/2021/PSM,CUR-2021-006,Curat,Duo Koto,Juni,Kasus Pencurian Barang Elektronik Terjadi di Pasaman,Barang Elektronik Warga Dicuri
78,2021,LP/007/2021/PSM,CUR-2021-007,Curat,Mapat Tunggul,Juli,Pencurian Dilaporkan dari Kawasan Pinggiran Pasaman,Wilayah Pinggiran Dilaporkan Terjadi Pencurian
79,2021,LP/008/2021/PSM,CUR-2021-008,Curat,Mapat Tunggul Selatan,Agustus,Aksi Pencurian Terjadi Saat Subuh di Pasaman,Pencurian Subuh Hari Terjadi
80,2021,LP/009/2021/PSM,CUR-2021-009,Curat,Padang Gelugur,September,Pencurian Terjadi di Perumahan Baru Pasaman,Perumahan Baru Dilaporkan Terjadi Pencurian
81,2021,LP/010/2021/PSM,CUR-2021-010,Curat,Tigo Nagari,Oktober,Kasus Pencurian Terjadi di Area Padat Aktivitas Pasaman,Area Padat Aktivitas Disasar Pencuri
82,2021,LP/011/2021/PSM,CUR-2021-011,Curat,Rao Utara,November,Pencurian Terjadi di Sekitar Pertokoan Pasaman,Area Pertokoan Dilaporkan Terjadi Pencurian
83,2021,LP/012/2021/PSM,CUR-2021-012,Curat,Lubuk Sikaping,Desember,Kasus Pencurian Terjadi di Lingkungan Sekolah Pasaman,Lingkungan Sekolah Dilaporkan Terjadi Pencurian
84,2021,LP/013/2021/PSM,CUR-2021-013,Curat,Bonjol,Januari,Pencurian Terjadi Saat Rumah Tak Berpenghuni,Rumah Tak Berpenghuni Dibobol Pencuri
85,2021,LP/014/2021/PSM,CUR-2021-014,Curat,Rao,Februari,Kasus Pencurian Terjadi di Permukiman Padat Penduduk,Permukiman Padat Penduduk Disasar Pencuri
86,2021,LP/015/2021/PSM,CUR-2021-015,Curat,Rao Selatan,Maret,Pencurian Terjadi di Area Perkebunan Pasaman,Area Perkebunan Dilaporkan Terjadi Pencurian
87,2021,LP/016/2021/PSM,CUR-2021-016,Curat,Panti,April,Kasus Pencurian Dilaporkan dari Kecamatan di Pasaman,Laporan Pencurian Masuk dari Kecamatan
88,2021,LP/017/2021/PSM,CUR-2021-017,Curat,Duo Koto,Mei,Pencurian Terjadi Saat Pemilik Terlelap,"Pemilik Terlelap, Rumah Dibobol Pencuri"
89,2021,LP/018/2021/PSM,CUR-2021-018,Curat,Mapat Tunggul,Juni,Rentetan Kasus Pencurian Terjadi Sepanjang 2021 di Pasaman,Serangkaian Kasus Pencurian Terjadi Sepanjang 2021
90,2021,LP/019/2021/PSM,CUR-2021-019,Curas,Mapat Tunggul Selatan,Juli,Pencurian Disertai Kekerasan Terjadi di Jalan Umum Pasaman,Warga Jadi Korban Pencurian dengan Kekerasan
91,2021,LP/020/2021/PSM,CUR-2021-020,Curas,Padang Gelugur,Agustus,Perampasan Disertai Kekerasan Terjadi di Pasaman,Kasus Perampasan Disertai Kekerasan Terjadi
92,2021,LP/021/2021/PSM,CUR-2021-021,Curas,Tigo Nagari,September,Curas Terjadi Saat Warga Beraktivitas di Luar Rumah,Curas Menimpa Warga Saat Beraktivitas
93,2021,LP/022/2021/PSM,PER-2021-022,Perjudian,Rao Utara,Oktober,Aktivitas Judi Konvensional Dilaporkan Terjadi di Pasaman,Praktik Judi Konvensional Dilaporkan
94,2021,LP/023/2021/PSM,PER-2021-023,Perjudian,Lubuk Sikaping,November,Perjudian Online Dilaporkan Terjadi di Pasaman,Perjudian Online Dilaporkan
95,2021,LP/024/2021/PSM,PER-2021-024,Perjudian,Bonjol,Desember,Kasus Judi Terjadi di Lingkungan Permukiman,Perjudian Dilaporkan di Permukiman
96,2021,LP/025/2021/PSM,PER-2021-025,Perjudian,Rao,Januari,Aktivitas Judi Dilaporkan dari Kecamatan,Laporan Judi Masuk dari Kecamatan
97,2021,LP/026/2021/PSM,PER-2021-026,Perjudian,Rao Selatan,Februari,Perjudian Terjadi di Wilayah Perdesaan,Perjudian Dilaporkan di Wilayah Desa
98,2021,LP/027/2021/PSM,PER-2021-027,Perjudian,Panti,Maret,Dugaan Judi Diselidiki Aparat Pasaman,Aparat Selidiki Dugaan Judi
99,2021,LP/028/2021/PSM,PEN-2021-028,Penipuan,Duo Koto,April,Penipuan Transaksi Online Dilaporkan di Pasaman,Warga Laporkan Penipuan Online
100,2021,LP/029/2021/PSM,PEN-2021-029,Penipuan,Mapat Tunggul,Mei,Penipuan Berkedok Investasi Terjadi di Pasaman,Warga Tertipu Investasi Bodong
101,2021,LP/030/2021/PSM,PEN-2021-030,Penipuan,Mapat Tunggul Selatan,Juni,Penipuan Jual Beli Terjadi di Pasaman,Korban Laporkan Penipuan Jual Beli
102,2021,LP/031/2021/PSM,PEN-2021-031,Penipuan,Padang Gelugur,Juli,Penipuan Mengatasnamakan Instansi Terjadi,Penipuan Mengaku Instansi Dilaporkan
103,2021,LP/032/2021/PSM,PEN-2021-032,Penipuan,Tigo Nagari,Agustus,Penipuan Lewat Media Sosial Terjadi,Penipuan Media Sosial Dilaporkan
104,2021,LP/033/2021/PSM,PEN-2021-033,Penipuan,Rao Utara,September,Penipuan Janji Pekerjaan Terjadi,Penipuan Janji Kerja Dilaporkan
105,2021,LP/034/2021/PSM,PEN-2021-034,Penipuan,Lubuk Sikaping,Oktober,Penipuan via Telepon Menimpa Warga,Penipuan via Telepon Dilaporkan
106,2021,LP/035/2021/PSM,PEN-2021-035,Penggelapan,Bonjol,November,Penggelapan Kendaraan Dilaporkan Terjadi,Penggelapan Kendaraan Dilaporkan
107,2021,LP/036/2021/PSM,PEN-2021-036,Penggelapan,Rao,Desember,Penggelapan Uang Usaha Terjadi,Kasus Penggelapan Uang Dilaporkan
108,2021,LP/037/2021/PSM,PEN-2021-037,Penggelapan,Rao Selatan,Januari,Penggelapan Barang Titipan Terjadi,Barang Titipan Digelapkan
109,2021,LP/038/2021/PSM,PEN-2021-038,Penggelapan,Panti,Februari,Penggelapan Aset Usaha Terjadi,Aset Usaha Dilaporkan Digelapkan
110,2021,LP/039/2021/PSM,PEN-2021-039,Penggelapan,Duo Koto,Maret,Penggelapan Kendaraan Sewa Terjadi,Kendaraan Sewa Dilaporkan Digelapkan
111,2021,LP/040/2021/PSM,PEN-2021-040,Pencabulan Anak,Mapat Tunggul,April,Dugaan Pencabulan Anak Terjadi di Permukiman Pasaman,Kasus Pencabulan Anak Dilaporkan dari Permukiman
112,2021,LP/041/2021/PSM,PEN-2021-041,Pencabulan Anak,Mapat Tunggul Selatan,Mei,Pencabulan Anak Terjadi di Wilayah Perdesaan,Wilayah Desa Laporkan Pencabulan Anak
113,2021,LP/042/2021/PSM,PEN-2021-042,Pencabulan Anak,Padang Gelugur,Juni,Kasus Pencabulan Anak Terjadi di Lingkungan Keluarga,Pencabulan Anak Dilaporkan dari Lingkungan Keluarga
114,2021,LP/043/2021/PSM,PEN-2021-043,Pencabulan Anak,Tigo Nagari,Juli,Pencabulan Anak Terjadi di Rumah Korban,Pencabulan Anak Terjadi di Rumah Korban
115,2021,LP/044/2021/PSM,PEN-2021-044,Pencabulan Anak,Rao Utara,Agustus,Kasus Pencabulan Anak Terjadi di Lingkungan Sekolah,Lingkungan Sekolah Laporkan Pencabulan Anak
116,2021,LP/045/2021/PSM,PEN-2021-045,Pencabulan Anak,Lubuk Sikaping,September,Pencabulan Anak Terjadi di Area Publik,Area Publik Dilaporkan Terjadi Pencabulan Anak
117,2021,LP/046/2021/PSM,PEN-2021-046,Pencabulan Anak,Bonjol,Oktober,Kasus Pencabulan Anak Terjadi di Lingkungan Tetangga,Lingkungan Tetangga Laporkan Pencabulan Anak
118,2021,LP/047/2021/PSM,PEN-2021-047,Pencabulan Anak,Rao,November,Pencabulan Anak Terjadi di Permukiman Padat,Permukiman Padat Laporkan Pencabulan Anak
119,2021,LP/048/2021/PSM,PEN-2021-048,Pencabulan Anak,Rao Selatan,Desember,Kasus Pencabulan Anak Terjadi di Wilayah Pinggiran,Wilayah Pinggiran Laporkan Pencabulan Anak
120,2021,LP/049/2021/PSM,PEN-2021-049,Pencabulan Anak,Panti,Januari,Pencabulan Anak Terjadi di Area Perkebunan,Area Perkebunan Laporkan Pencabulan Anak
121,2021,LP/050/2021/PSM,PEN-2021-050,Pencabulan Anak,Duo Koto,Februari,Kasus Pencabulan Anak Terjadi di Rumah Kontrakan,Rumah Kontrakan Laporkan Pencabulan Anak
122,2021,LP/051/2021/PSM,PEN-2021-051,Pencabulan Anak,Mapat Tunggul,Maret,Pencabulan Anak Terjadi di Lingkungan Sosial,Lingkungan Sosial Laporkan Pencabulan Anak
123,2021,LP/052/2021/PSM,PEN-2021-052,Pencabulan Anak,Mapat Tunggul Selatan,April,Kasus Pencabulan Anak Terjadi di Lingkungan Tempat Tinggal,Lingkungan Tempat Tinggal Laporkan Pencabulan Anak
124,2021,LP/053/2021/PSM,PEN-2021-053,Pencabulan Anak,Padang Gelugur,Mei,Pencabulan Anak Terjadi di Lingkungan Kerabat,Lingkungan Kerabat Laporkan Pencabulan Anak
125,2021,LP/054/2021/PSM,PEN-2021-054,Pencabulan Anak,Tigo Nagari,Juni,Kasus Pencabulan Anak Terjadi di Sekitar Fasilitas Umum,Fasilitas Umum Laporkan Pencabulan Anak
126,2021,LP/055/2021/PSM,PER-2021-055,Persetubuhan Anak,Rao Utara,Juli,Dugaan Persetubuhan Anak Terjadi di Permukiman Pasaman,Kasus Persetubuhan Anak Dilaporkan dari Permukiman
127,2021,LP/056/2021/PSM,PER-2021-056,Persetubuhan Anak,Lubuk Sikaping,Agustus,Persetubuhan Anak Terjadi di Wilayah Perdesaan,Wilayah Desa Laporkan Persetubuhan Anak
128,2021,LP/057/2021/PSM,PER-2021-057,Persetubuhan Anak,Bonjol,September,Kasus Persetubuhan Anak Terjadi di Lingkungan Keluarga,Persetubuhan Anak Dilaporkan dari Lingkungan Keluarga
129,2021,LP/058/2021/PSM,PER-2021-058,Persetubuhan Anak,Rao,Oktober,Persetubuhan Anak Terjadi di Rumah Korban,Persetubuhan Anak Terjadi di Rumah Korban
130,2021,LP/059/2021/PSM,PER-2021-059,Persetubuhan Anak,Rao Selatan,November,Kasus Persetubuhan Anak Terjadi di Lingkungan Sekolah,Lingkungan Sekolah Laporkan Persetubuhan Anak
131,2021,LP/060/2021/PSM,PER-2021-060,Persetubuhan Anak,Panti,Desember,Persetubuhan Anak Terjadi di Area Publik,Area Publik Dilaporkan Terjadi Persetubuhan Anak
132,2021,LP/061/2021/PSM,PER-2021-061,Persetubuhan Anak,Duo Koto,Januari,Kasus Persetubuhan Anak Terjadi di Lingkungan Tetangga,Lingkungan Tetangga Laporkan Persetubuhan Anak
133,2021,LP/062/2021/PSM,PER-2021-062,Persetubuhan Anak,Mapat Tunggul,Februari,Persetubuhan Anak Terjadi di Permukiman Padat,Permukiman Padat Laporkan Persetubuhan Anak
134,2021,LP/063/2021/PSM,PER-2021-063,Persetubuhan Anak,Mapat Tunggul Selatan,Maret,Kasus Persetubuhan Anak Terjadi di Wilayah Pinggiran,Wilayah Pinggiran Laporkan Persetubuhan Anak
135,2021,LP/064/2021/PSM,PER-2021-064,Persetubuhan Anak,Padang Gelugur,April,Persetubuhan Anak Terjadi di Lingkungan Sosial,Lingkungan Sosial Laporkan Persetubuhan Anak
136,2021,LP/065/2021/PSM,PEN-2021-065,Penganiayaan,Tigo Nagari,Mei,Penganiayaan Antarwarga Terjadi di Pasaman,Penganiayaan Antarwarga Dilaporkan
137,2021,LP/066/2021/PSM,PEN-2021-066,Penganiayaan,Rao Utara,Juni,Penganiayaan Terjadi Akibat Perselisihan,Perselisihan Berujung Penganiayaan
138,2021,LP/067/2021/PSM,PEN-2021-067,Penganiayaan,Lubuk Sikaping,Juli,Kasus Penganiayaan Terjadi di Tempat Umum,Penganiayaan Terjadi di Tempat Umum
139,2021,LP/068/2021/PSM,PEN-2021-068,Penganiayaan,Bonjol,Agustus,Penganiayaan Terjadi di Lingkungan Permukiman,Penganiayaan Dilaporkan di Permukiman
140,2021,LP/069/2021/PSM,PEN-2021-069,Penganiayaan,Rao,September,Kasus Penganiayaan Terjadi Saat Aktivitas Warga,Penganiayaan Terjadi Saat Aktivitas Warga
141,2021,LP/070/2021/PSM,PEN-2021-070,Penganiayaan,Rao Selatan,Oktober,Penganiayaan Terjadi di Wilayah Perdesaan,Penganiayaan Terjadi di Wilayah Desa
142,2021,LP/071/2021/PSM,PEN-2021-071,Penganiayaan,Panti,November,Kasus Penganiayaan Dilaporkan dari Kecamatan,Laporan Penganiayaan Masuk dari Kecamatan
143,2021,LP/072/2021/PSM,LAI-2021-072,Lainnya,Duo Koto,Desember,Kasus Pengancaman Dilaporkan Terjadi,Pengancaman Dilaporkan
144,2021,LP/073/2021/PSM,LAI-2021-073,Lainnya,Mapat Tunggul,Januari,Kasus KDRT Dilaporkan Terjadi,KDRT Dilaporkan
145,2021,LP/074/2021/PSM,LAI-2021-074,Lainnya,Mapat Tunggul Selatan,Februari,Perusakan Fasilitas Warga Dilaporkan,Perusakan Fasilitas Dilaporkan
146,2021,LP/075/2021/PSM,LAI-2021-075,Lainnya,Padang Gelugur,Maret,Kasus Pemerasan Dilaporkan Terjadi,Pemerasan Dilaporkan
147,2021,LP/076/2021/PSM,LAI-2021-076,Lainnya,Tigo Nagari,April,Kasus Tindak Pidana Umum Dilaporkan,Tindak Pidana Umum Dilaporkan
148,2022,LP/001/2022/PSM,CUR-2022-001,Curat,Lubuk Sikaping,Januari,Pencurian Rumah Terjadi Saat Pemilik Bekerja di Kabupaten Pasaman,Rumah Warga Pasaman Dibobol Saat Pemilik Bekerja
149,2022,LP/002/2022/PSM,CUR-2022-002,Curat,Bonjol,Februari,Aksi Pencurian Terjadi di Permukiman Lama Pasaman,Permukiman Lama Pasaman Dilaporkan Terjadi Pencurian
150,2022,LP/003/2022/PSM,CUR-2022-003,Curat,Rao,Maret,Kasus Pencurian Terjadi di Wilayah Perdesaan Pasaman,Wilayah Desa Pasaman Jadi Lokasi Pencurian
151,2022,LP/004/2022/PSM,CUR-2022-004,Curat,Rao Selatan,April,Pencurian Terjadi Saat Malam Hari di Kabupaten Pasaman,Pencurian Malam Hari Resahkan Warga Pasaman
152,2022,LP/005/2022/PSM,CUR-2022-005,Curat,Panti,Mei,Pencurian Menyasar Rumah Kosong di Pasaman,Rumah Kosong di Pasaman Menjadi Sasaran Pencurian
153,2022,LP/006/2022/PSM,CUR-2022-006,Curat,Duo Koto,Juni,Kasus Pencurian Barang Elektronik Terjadi di Pasaman,Barang Elektronik Warga Pasaman Dicuri
154,2022,LP/007/2022/PSM,CUR-2022-007,Curat,Mapat Tunggul,Juli,Pencurian Dilaporkan dari Kawasan Pinggiran Pasaman,Wilayah Pinggiran Pasaman Laporkan Kasus Pencurian
155,2022,LP/008/2022/PSM,CUR-2022-008,Curat,Mapat Tunggul Selatan,Agustus,Aksi Pencurian Terjadi Saat Subuh di Pasaman,Pencurian Subuh Hari Terjadi di Pasaman
156,2022,LP/009/2022/PSM,CUR-2022-009,Curat,Padang Gelugur,September,Pencurian Terjadi di Perumahan Baru Pasaman,Perumahan Baru Pasaman Dilaporkan Terjadi Pencurian
157,2022,LP/010/2022/PSM,CUR-2022-010,Curat,Tigo Nagari,Oktober,Kasus Pencurian Terjadi di Area Padat Aktivitas Pasaman,Area Padat Aktivitas Pasaman Jadi Sasaran Pencurian
158,2022,LP/011/2022/PSM,CUR-2022-011,Curat,Rao Utara,November,Pencurian Terjadi di Sekitar Pertokoan Pasaman,Area Pertokoan Pasaman Dilaporkan Terjadi Pencurian
159,2022,LP/012/2022/PSM,CUR-2022-012,Curat,Lubuk Sikaping,Desember,Kasus Pencurian Terjadi di Lingkungan Sekolah Pasaman,Lingkungan Sekolah Pasaman Dilaporkan Terjadi Pencurian
160,2022,LP/013/2022/PSM,CUR-2022-013,Curat,Bonjol,Januari,Pencurian Terjadi Saat Rumah Tak Berpenghuni di Pasaman,Rumah Tak Berpenghuni di Pasaman Dibobol
161,2022,LP/014/2022/PSM,CUR-2022-014,Curat,Rao,Februari,Kasus Pencurian Terjadi di Permukiman Padat Penduduk Pasaman,Permukiman Padat Penduduk Pasaman Disasar Pencuri
162,2022,LP/015/2022/PSM,CUR-2022-015,Curat,Rao Selatan,Maret,Pencurian Terjadi di Area Perkebunan Pasaman,Area Perkebunan Pasaman Dilaporkan Terjadi Pencurian
163,2022,LP/016/2022/PSM,CUR-2022-016,Curat,Panti,April,Kasus Pencurian Dilaporkan dari Kecamatan di Pasaman,Laporan Pencurian Masuk dari Kecamatan di Pasaman
164,2022,LP/017/2022/PSM,CUR-2022-017,Curat,Duo Koto,Mei,Pencurian Terjadi Saat Pemilik Terlelap di Pasaman,"Pemilik Terlelap, Rumah di Pasaman Dibobol"
165,2022,LP/018/2022/PSM,CUR-2022-018,Curat,Mapat Tunggul,Juni,Kasus Pencurian Terjadi di Wilayah Perbatasan Pasaman,Wilayah Perbatasan Pasaman Dilaporkan Terjadi Pencurian
166,2022,LP/019/2022/PSM,CUR-2022-019,Curat,Mapat Tunggul Selatan,Juli,Pencurian Terjadi Saat Hujan Lebat di Pasaman,Hujan Lebat Dimanfaatkan Pelaku Pencurian di Pasaman
167,2022,LP/020/2022/PSM,CUR-2022-020,Curat,Padang Gelugur,Agustus,Rentetan Kasus Pencurian Terjadi Sepanjang 2022 di Pasaman,Serangkaian Kasus Pencurian Terjadi di Pasaman Sepanjang 2022
168,2022,LP/021/2022/PSM,CUR-2022-021,Curas,Tigo Nagari,September,Pencurian Disertai Kekerasan Terjadi di Jalan Umum Pasaman,Warga Pasaman Jadi Korban Pencurian dengan Kekerasan
169,2022,LP/022/2022/PSM,CUR-2022-022,Curas,Rao Utara,Oktober,Perampasan Disertai Kekerasan Terjadi di Pasaman,Kasus Perampasan Disertai Kekerasan Terjadi di Pasaman
170,2022,LP/023/2022/PSM,CUR-2022-023,Curas,Lubuk Sikaping,November,Curas Terjadi Saat Warga Beraktivitas di Luar Rumah Pasaman,Curas Menimpa Warga Saat Beraktivitas di Pasaman
171,2022,LP/024/2022/PSM,CUR-2022-024,Curanmor,Bonjol,Desember,Pencurian Sepeda Motor Terjadi di Permukiman Pasaman,Sepeda Motor Warga Pasaman Hilang Dicuri
172,2022,LP/025/2022/PSM,CUR-2022-025,Curanmor,Rao,Januari,Curanmor Terjadi di Area Parkir Umum Pasaman,Motor di Area Parkir Pasaman Dicuri
173,2022,LP/026/2022/PSM,CUR-2022-026,Curanmor,Rao Selatan,Februari,Motor Diparkir di Depan Rumah Hilang Dicuri di Pasaman,Motor Terparkir di Pasaman Raib Dicuri
174,2022,LP/027/2022/PSM,CUR-2022-027,Curanmor,Panti,Maret,Pencurian Motor Terjadi di Area Perkantoran Pasaman,Motor di Area Kantor Pasaman Hilang
175,2022,LP/028/2022/PSM,CUR-2022-028,Curanmor,Duo Koto,April,Curanmor Terjadi di Sekitar Pasar Pasaman,Motor di Sekitar Pasar Pasaman Dicuri
176,2022,LP/029/2022/PSM,CUR-2022-029,Curanmor,Mapat Tunggul,Mei,Pencurian Motor Terjadi Saat Korban Berbelanja di Pasaman,Motor Hilang Saat Pemilik Berbelanja di Pasaman
177,2022,LP/030/2022/PSM,CUR-2022-030,Curanmor,Mapat Tunggul Selatan,Juni,Curanmor Terjadi di Permukiman Padat Pasaman,Permukiman Padat Pasaman Disasar Pelaku Curanmor
178,2022,LP/031/2022/PSM,CUR-2022-031,Curanmor,Padang Gelugur,Juli,Pencurian Motor Terjadi Saat Malam Hari di Pasaman,Curanmor Malam Hari Terjadi di Pasaman
179,2022,LP/032/2022/PSM,CUR-2022-032,Curanmor,Tigo Nagari,Agustus,Motor Warga Hilang di Lingkungan Sekolah Pasaman,Motor di Lingkungan Sekolah Pasaman Dicuri
180,2022,LP/033/2022/PSM,CUR-2022-033,Curanmor,Rao Utara,September,Kasus Curanmor Dilaporkan dari Kecamatan di Pasaman,Laporan Curanmor Masuk dari Kecamatan di Pasaman
181,2022,LP/034/2022/PSM,PEN-2022-034,Penipuan,Lubuk Sikaping,Oktober,Penipuan Transaksi Online Dilaporkan di Pasaman,Warga Pasaman Laporkan Penipuan Online
182,2022,LP/035/2022/PSM,PEN-2022-035,Penipuan,Bonjol,November,Penipuan Berkedok Investasi Terjadi di Pasaman,Warga Pasaman Tertipu Investasi Bodong
183,2022,LP/036/2022/PSM,PEN-2022-036,Penipuan,Rao,Desember,Penipuan Jual Beli Terjadi di Pasaman,Korban Laporkan Penipuan Jual Beli di Pasaman
184,2022,LP/037/2022/PSM,PEN-2022-037,Penipuan,Rao Selatan,Januari,Penipuan Mengatasnamakan Instansi Terjadi di Pasaman,Penipuan Mengaku Instansi Terjadi di Pasaman
185,2022,LP/038/2022/PSM,PEN-2022-038,Penipuan,Panti,Februari,Penipuan Lewat Media Sosial Terjadi di Pasaman,Penipuan Media Sosial Dilaporkan Warga Pasaman
186,2022,LP/039/2022/PSM,PEN-2022-039,Penipuan,Duo Koto,Maret,Penipuan Bermodus Hadiah Terjadi di Pasaman,Modus Hadiah Digunakan Pelaku Penipuan di Pasaman
187,2022,LP/040/2022/PSM,PEN-2022-040,Penipuan,Mapat Tunggul,April,Penipuan Janji Pekerjaan Terjadi di Pasaman,Penipuan Janji Kerja Dilaporkan di Pasaman
188,2022,LP/041/2022/PSM,PEN-2022-041,Penipuan,Mapat Tunggul Selatan,Mei,Penipuan via Telepon Terjadi di Pasaman,Penipuan via Telepon Menimpa Warga Pasaman
189,2022,LP/042/2022/PSM,PEN-2022-042,Penggelapan,Padang Gelugur,Juni,Penggelapan Kendaraan Dilaporkan Terjadi di Pasaman,Penggelapan Kendaraan Dilaporkan Warga Pasaman
190,2022,LP/043/2022/PSM,PEN-2022-043,Penggelapan,Tigo Nagari,Juli,Penggelapan Uang Usaha Terjadi di Pasaman,Kasus Penggelapan Uang Dilaporkan di Pasaman
191,2022,LP/044/2022/PSM,PEN-2022-044,Penggelapan,Rao Utara,Agustus,Penggelapan Barang Titipan Terjadi di Pasaman,"Barang Titipan Digelapkan, Warga Pasaman Lapor"
192,2022,LP/045/2022/PSM,PEN-2022-045,Penggelapan,Lubuk Sikaping,September,Penggelapan Aset Usaha Terjadi di Pasaman,Aset Usaha Dilaporkan Digelapkan di Pasaman
193,2022,LP/046/2022/PSM,PEN-2022-046,Penggelapan,Bonjol,Oktober,Penggelapan Kendaraan Sewa Terjadi di Pasaman,Kendaraan Sewa Dilaporkan Digelapkan di Pasaman
194,2022,LP/047/2022/PSM,PEN-2022-047,Penggelapan,Rao,November,Penggelapan Dana Titipan Terjadi di Pasaman,Dana Titipan Dilaporkan Digelapkan di Pasaman
195,2022,LP/048/2022/PSM,PER-2022-048,Perjudian,Rao Selatan,Desember,Aktivitas Judi Konvensional Dilaporkan di Pasaman,Praktik Judi Konvensional Dilaporkan di Pasaman
196,2022,LP/049/2022/PSM,PER-2022-049,Perjudian,Panti,Januari,Perjudian Online Dilaporkan Terjadi di Pasaman,Perjudian Online Dilaporkan di Pasaman
197,2022,LP/050/2022/PSM,PER-2022-050,Perjudian,Duo Koto,Februari,Kasus Judi Terjadi di Lingkungan Permukiman Pasaman,Perjudian Dilaporkan Terjadi di Permukiman Pasaman
198,2022,LP/051/2022/PSM,PER-2022-051,Perjudian,Mapat Tunggul,Maret,Aktivitas Judi Dilaporkan dari Kecamatan di Pasaman,Laporan Judi Masuk dari Kecamatan di Pasaman
199,2022,LP/052/2022/PSM,PER-2022-052,Perjudian,Mapat Tunggul Selatan,April,Perjudian Terjadi di Wilayah Perdesaan Pasaman,Perjudian Dilaporkan Terjadi di Wilayah Desa Pasaman
200,2022,LP/053/2022/PSM,PER-2022-053,Perjudian,Padang Gelugur,Mei,Dugaan Judi Diselidiki Aparat di Pasaman,Aparat Selidiki Dugaan Judi di Pasaman
201,2022,LP/054/2022/PSM,PEN-2022-054,Pencabulan Anak,Tigo Nagari,Juni,Dugaan Pencabulan Anak Terjadi di Lingkungan Permukiman Pasaman,Kasus Pencabulan Anak Dilaporkan dari Permukiman
202,2022,LP/055/2022/PSM,PEN-2022-055,Pencabulan Anak,Rao Utara,Juli,Pencabulan Anak Terjadi di Wilayah Perdesaan Pasaman,Wilayah Desa Laporkan Kasus Pencabulan Anak
203,2022,LP/056/2022/PSM,PEN-2022-056,Pencabulan Anak,Lubuk Sikaping,Agustus,Kasus Pencabulan Anak Terjadi di Lingkungan Keluarga Pasaman,Pencabulan Anak Dilaporkan dari Lingkungan Keluarga
204,2022,LP/057/2022/PSM,PEN-2022-057,Pencabulan Anak,Bonjol,September,Pencabulan Anak Terjadi di Rumah Korban Pasaman,Pencabulan Anak Dilaporkan Terjadi di Rumah Korban
205,2022,LP/058/2022/PSM,PEN-2022-058,Pencabulan Anak,Rao,Oktober,Kasus Pencabulan Anak Terjadi di Lingkungan Sekolah Pasaman,Lingkungan Sekolah Laporkan Pencabulan Anak
206,2022,LP/059/2022/PSM,PEN-2022-059,Pencabulan Anak,Rao Selatan,November,Pencabulan Anak Terjadi di Area Publik Pasaman,Area Publik Dilaporkan Terjadi Pencabulan Anak
207,2022,LP/060/2022/PSM,PEN-2022-060,Pencabulan Anak,Panti,Desember,Kasus Pencabulan Anak Terjadi di Lingkungan Tetangga Pasaman,Lingkungan Tetangga Laporkan Kasus Pencabulan Anak
208,2022,LP/061/2022/PSM,PEN-2022-061,Pencabulan Anak,Duo Koto,Januari,Pencabulan Anak Terjadi di Permukiman Padat Pasaman,Permukiman Padat Laporkan Kasus Pencabulan Anak
209,2022,LP/062/2022/PSM,PEN-2022-062,Pencabulan Anak,Mapat Tunggul,Februari,Kasus Pencabulan Anak Terjadi di Lingkungan Perbatasan Pasaman,Wilayah Perbatasan Laporkan Kasus Pencabulan Anak
210,2022,LP/063/2022/PSM,PEN-2022-063,Pencabulan Anak,Mapat Tunggul Selatan,Maret,Pencabulan Anak Terjadi di Area Perkebunan Pasaman,Area Perkebunan Laporkan Kasus Pencabulan Anak
211,2022,LP/064/2022/PSM,PEN-2022-064,Pencabulan Anak,Padang Gelugur,April,Kasus Pencabulan Anak Terjadi di Lingkungan Rumah Kontrakan Pasaman,Rumah Kontrakan Laporkan Kasus Pencabulan Anak
212,2022,LP/065/2022/PSM,PEN-2022-065,Pencabulan Anak,Tigo Nagari,Mei,Pencabulan Anak Terjadi di Lingkungan Sosial Pasaman,Lingkungan Sosial Laporkan Kasus Pencabulan Anak
213,2022,LP/066/2022/PSM,PEN-2022-066,Pencabulan Anak,Rao Utara,Juni,Kasus Pencabulan Anak Terjadi di Lingkungan Tempat Tinggal Pasaman,Lingkungan Tempat Tinggal Laporkan Pencabulan Anak
214,2022,LP/067/2022/PSM,PEN-2022-067,Pencabulan Anak,Lubuk Sikaping,Juli,Pencabulan Anak Terjadi di Lingkungan Kerabat Pasaman,Lingkungan Kerabat Laporkan Kasus Pencabulan Anak
215,2022,LP/068/2022/PSM,PEN-2022-068,Pencabulan Anak,Bonjol,Agustus,Kasus Pencabulan Anak Terjadi di Sekitar Fasilitas Umum Pasaman,Fasilitas Umum Laporkan Kasus Pencabulan Anak
216,2022,LP/069/2022/PSM,PER-2022-069,Persetubuhan Anak,Rao,September,Dugaan Persetubuhan Anak Terjadi di Lingkungan Permukiman Pasaman,Kasus Persetubuhan Anak Dilaporkan dari Permukiman
217,2022,LP/070/2022/PSM,PER-2022-070,Persetubuhan Anak,Rao Selatan,Oktober,Persetubuhan Anak Terjadi di Wilayah Perdesaan Pasaman,Wilayah Desa Laporkan Kasus Persetubuhan Anak
218,2022,LP/071/2022/PSM,PER-2022-071,Persetubuhan Anak,Panti,November,Kasus Persetubuhan Anak Terjadi di Lingkungan Keluarga Pasaman,Persetubuhan Anak Dilaporkan dari Lingkungan Keluarga
219,2022,LP/072/2022/PSM,PER-2022-072,Persetubuhan Anak,Duo Koto,Desember,Persetubuhan Anak Terjadi di Rumah Korban Pasaman,Persetubuhan Anak Dilaporkan Terjadi di Rumah Korban
220,2022,LP/073/2022/PSM,PER-2022-073,Persetubuhan Anak,Mapat Tunggul,Januari,Kasus Persetubuhan Anak Terjadi di Lingkungan Sekolah Pasaman,Lingkungan Sekolah Laporkan Persetubuhan Anak
221,2022,LP/074/2022/PSM,PER-2022-074,Persetubuhan Anak,Mapat Tunggul Selatan,Februari,Persetubuhan Anak Terjadi di Area Publik Pasaman,Area Publik Dilaporkan Terjadi Persetubuhan Anak
222,2022,LP/075/2022/PSM,PER-2022-075,Persetubuhan Anak,Padang Gelugur,Maret,Kasus Persetubuhan Anak Terjadi di Lingkungan Tetangga Pasaman,Lingkungan Tetangga Laporkan Kasus Persetubuhan Anak
223,2022,LP/076/2022/PSM,PER-2022-076,Persetubuhan Anak,Tigo Nagari,April,Persetubuhan Anak Terjadi di Permukiman Padat Pasaman,Permukiman Padat Laporkan Kasus Persetubuhan Anak
224,2022,LP/077/2022/PSM,PER-2022-077,Persetubuhan Anak,Rao Utara,Mei,Kasus Persetubuhan Anak Terjadi di Lingkungan Perbatasan Pasaman,Wilayah Perbatasan Laporkan Kasus Persetubuhan Anak
225,2022,LP/078/2022/PSM,PER-2022-078,Persetubuhan Anak,Lubuk Sikaping,Juni,Persetubuhan Anak Terjadi di Lingkungan Sosial Pasaman,Lingkungan Sosial Laporkan Kasus Persetubuhan Anak
226,2022,LP/079/2022/PSM,PEN-2022-079,Penganiayaan,Bonjol,Juli,Penganiayaan Antarwarga Terjadi di Pasaman,Penganiayaan Antarwarga Dilaporkan di Pasaman
227,2022,LP/080/2022/PSM,PEN-2022-080,Penganiayaan,Rao,Agustus,Penganiayaan Terjadi Akibat Perselisihan di Pasaman,Perselisihan Berujung Penganiayaan di Pasaman
228,2022,LP/081/2022/PSM,PEN-2022-081,Penganiayaan,Rao Selatan,September,Kasus Penganiayaan Terjadi di Tempat Umum Pasaman,Penganiayaan Terjadi di Tempat Umum Pasaman
229,2022,LP/082/2022/PSM,PEN-2022-082,Penganiayaan,Panti,Oktober,Penganiayaan Terjadi di Lingkungan Permukiman Pasaman,Penganiayaan Dilaporkan di Lingkungan Permukiman
230,2022,LP/083/2022/PSM,PEN-2022-083,Penganiayaan,Duo Koto,November,Kasus Penganiayaan Terjadi Saat Aktivitas Warga Pasaman,Penganiayaan Terjadi Saat Aktivitas Warga
231,2022,LP/084/2022/PSM,PEN-2022-084,Penganiayaan,Mapat Tunggul,Desember,Penganiayaan Terjadi di Wilayah Perdesaan Pasaman,Penganiayaan Terjadi di Wilayah Desa
232,2022,LP/085/2022/PSM,PEN-2022-085,Penganiayaan,Mapat Tunggul Selatan,Januari,Kasus Penganiayaan Dilaporkan dari Kecamatan di Pasaman,Laporan Penganiayaan Masuk dari Kecamatan
233,2022,LP/086/2022/PSM,LAI-2022-086,Lainnya,Padang Gelugur,Februari,Kasus Pengancaman Dilaporkan Terjadi di Pasaman,Pengancaman Dilaporkan Terjadi di Pasaman
234,2022,LP/087/2022/PSM,LAI-2022-087,Lainnya,Tigo Nagari,Maret,Kasus KDRT Dilaporkan Terjadi di Pasaman,KDRT Dilaporkan Terjadi di Pasaman
235,2022,LP/088/2022/PSM,LAI-2022-088,Lainnya,Rao Utara,April,Perusakan Fasilitas Warga Dilaporkan di Pasaman,Perusakan Fasilitas Warga Dilaporkan di Pasaman
236,2022,LP/089/2022/PSM,LAI-2022-089,Lainnya,Lubuk Sikaping,Mei,Kasus Pemerasan Dilaporkan Terjadi di Pasaman,Pemerasan Dilaporkan Terjadi di Pasaman
237,2022,LP/090/2022/PSM,LAI-2022-090,Lainnya,Bonjol,Juni,Kasus Tindak Pidana Umum Dilaporkan Terjadi di Pasaman,Tindak Pidana Umum Dilaporkan di Pasaman
238,2023,LP/001/2023/PSM,PEN-2023-001,Pencabulan Anak,Lubuk Sikaping,Januari,Dugaan Pencabulan Anak Terjadi di Lingkungan Permukiman Pasaman,Kasus Pencabulan Anak Dilaporkan dari Permukiman Pasaman
239,2023,LP/002/2023/PSM,PEN-2023-002,Pencabulan Anak,Bonjol,Februari,Pencabulan Anak Dilaporkan Terjadi di Wilayah Perdesaan Pasaman,Wilayah Desa Pasaman Laporkan Kasus Pencabulan Anak
240,2023,LP/003/2023/PSM,PEN-2023-003,Pencabulan Anak,Rao,Maret,Kasus Pencabulan Anak Terjadi di Lingkungan Keluarga Pasaman,Kasus Pencabulan Anak Dilaporkan dari Lingkungan Keluarga
241,2023,LP/004/2023/PSM,PEN-2023-004,Pencabulan Anak,Rao Selatan,April,Pencabulan Anak Terjadi di Rumah Korban di Pasaman,Pencabulan Anak Dilaporkan Terjadi di Rumah Korban
242,2023,LP/005/2023/PSM,PEN-2023-005,Pencabulan Anak,Panti,Mei,Kasus Pencabulan Anak Terjadi di Sekitar Lingkungan Sekolah Pasaman,Lingkungan Sekolah Pasaman Laporkan Kasus Pencabulan Anak
243,2023,LP/006/2023/PSM,PEN-2023-006,Pencabulan Anak,Duo Koto,Juni,Pencabulan Anak Dilaporkan Terjadi di Area Publik Pasaman,Area Publik Pasaman Dilaporkan Terjadi Pencabulan Anak
244,2023,LP/007/2023/PSM,PEN-2023-007,Pencabulan Anak,Mapat Tunggul,Juli,Kasus Pencabulan Anak Terjadi di Kecamatan Padat Penduduk Pasaman,Kecamatan Padat Penduduk Pasaman Laporkan Pencabulan Anak
245,2023,LP/008/2023/PSM,PEN-2023-008,Pencabulan Anak,Mapat Tunggul Selatan,Agustus,Pencabulan Anak Terjadi di Lingkungan Sosial Pasaman,Kasus Pencabulan Anak Terjadi di Lingkungan Sosial Pasaman
246,2023,LP/009/2023/PSM,PEN-2023-009,Pencabulan Anak,Padang Gelugur,September,Kasus Pencabulan Anak Terjadi di Lingkungan Tetangga Pasaman,Lingkungan Tetangga Pasaman Laporkan Kasus Pencabulan Anak
247,2023,LP/010/2023/PSM,PEN-2023-010,Pencabulan Anak,Tigo Nagari,Oktober,Pencabulan Anak Dilaporkan Terjadi di Area Perkebunan Pasaman,Area Perkebunan Pasaman Laporkan Pencabulan Anak
248,2023,LP/011/2023/PSM,PEN-2023-011,Pencabulan Anak,Rao Utara,November,Kasus Pencabulan Anak Terjadi di Lingkungan Rumah Kontrakan Pasaman,Rumah Kontrakan Pasaman Dilaporkan Terjadi Pencabulan Anak
249,2023,LP/012/2023/PSM,PEN-2023-012,Pencabulan Anak,Lubuk Sikaping,Desember,Pencabulan Anak Terjadi di Permukiman Padat Pasaman,Permukiman Padat Pasaman Laporkan Kasus Pencabulan Anak
250,2023,LP/013/2023/PSM,PEN-2023-013,Pencabulan Anak,Bonjol,Januari,Kasus Pencabulan Anak Terjadi di Sekitar Fasilitas Umum Pasaman,Fasilitas Umum Pasaman Laporkan Kasus Pencabulan Anak
251,2023,LP/014/2023/PSM,PEN-2023-014,Pencabulan Anak,Rao,Februari,Pencabulan Anak Dilaporkan Terjadi di Wilayah Pinggiran Pasaman,Wilayah Pinggiran Pasaman Laporkan Kasus Pencabulan Anak
252,2023,LP/015/2023/PSM,PEN-2023-015,Pencabulan Anak,Rao Selatan,Maret,Kasus Pencabulan Anak Terjadi di Lingkungan Tempat Tinggal Pasaman,Lingkungan Tempat Tinggal Pasaman Laporkan Pencabulan Anak
253,2023,LP/016/2023/PSM,PEN-2023-016,Pencabulan Anak,Panti,April,Pencabulan Anak Terjadi di Lingkungan Rumah Sewa Pasaman,Rumah Sewa Pasaman Dilaporkan Terjadi Pencabulan Anak
254,2023,LP/017/2023/PSM,PEN-2023-017,Pencabulan Anak,Duo Koto,Mei,Kasus Pencabulan Anak Terjadi di Area Permukiman Sementara Pasaman,Permukiman Sementara Pasaman Laporkan Pencabulan Anak
255,2023,LP/018/2023/PSM,PEN-2023-018,Pencabulan Anak,Mapat Tunggul,Juni,Pencabulan Anak Terjadi di Lingkungan Perbatasan Pasaman,Wilayah Perbatasan Pasaman Laporkan Kasus Pencabulan Anak
256,2023,LP/019/2023/PSM,PEN-2023-019,Pencabulan Anak,Mapat Tunggul Selatan,Juli,Kasus Pencabulan Anak Terjadi di Sekitar Tempat Ibadah Pasaman,Sekitar Tempat Ibadah Pasaman Dilaporkan Terjadi Pencabulan Anak
257,2023,LP/020/2023/PSM,PEN-2023-020,Pencabulan Anak,Padang Gelugur,Agustus,Pencabulan Anak Dilaporkan Terjadi di Wilayah Pertanian Pasaman,Wilayah Pertanian Pasaman Laporkan Kasus Pencabulan Anak
258,2023,LP/021/2023/PSM,PEN-2023-021,Pencabulan Anak,Tigo Nagari,September,Kasus Pencabulan Anak Terjadi di Lingkungan Komunitas Pasaman,Lingkungan Komunitas Pasaman Laporkan Pencabulan Anak
259,2023,LP/022/2023/PSM,PEN-2023-022,Pencabulan Anak,Rao Utara,Oktober,Pencabulan Anak Terjadi di Lingkungan Asrama Pasaman,Lingkungan Asrama Pasaman Dilaporkan Terjadi Pencabulan Anak
260,2023,LP/023/2023/PSM,PEN-2023-023,Pencabulan Anak,Lubuk Sikaping,November,Kasus Pencabulan Anak Terjadi di Area Hunian Sementara Pasaman,Hunian Sementara Pasaman Laporkan Kasus Pencabulan Anak
261,2023,LP/024/2023/PSM,PEN-2023-024,Pencabulan Anak,Bonjol,Desember,Pencabulan Anak Terjadi di Lingkungan Rumah Tinggal Pasaman,Rumah Tinggal Pasaman Laporkan Kasus Pencabulan Anak
262,2023,LP/025/2023/PSM,PEN-2023-025,Pencabulan Anak,Rao,Januari,Kasus Pencabulan Anak Terjadi di Sekitar Area Pemukiman Baru Pasaman,Pemukiman Baru Pasaman Laporkan Kasus Pencabulan Anak
263,2023,LP/026/2023/PSM,PEN-2023-026,Pencabulan Anak,Rao Selatan,Februari,Pencabulan Anak Terjadi di Lingkungan Sosial Terbatas Pasaman,Lingkungan Sosial Terbatas Pasaman Laporkan Pencabulan Anak
264,2023,LP/027/2023/PSM,PEN-2023-027,Pencabulan Anak,Panti,Maret,Kasus Pencabulan Anak Terjadi di Area Pendidikan Nonformal Pasaman,Area Pendidikan Nonformal Pasaman Laporkan Pencabulan Anak
265,2023,LP/028/2023/PSM,PEN-2023-028,Pencabulan Anak,Duo Koto,April,Pencabulan Anak Terjadi di Lingkungan Kerabat Pasaman,Lingkungan Kerabat Pasaman Laporkan Kasus Pencabulan Anak
266,2023,LP/029/2023/PSM,PEN-2023-029,Pencabulan Anak,Mapat Tunggul,Mei,Kasus Pencabulan Anak Terjadi di Area Pemukiman Lama Pasaman,Pemukiman Lama Pasaman Laporkan Kasus Pencabulan Anak
267,2023,LP/030/2023/PSM,PEN-2023-030,Pencabulan Anak,Mapat Tunggul Selatan,Juni,Pencabulan Anak Terjadi di Lingkungan Sosial Terbuka Pasaman,Lingkungan Sosial Terbuka Pasaman Laporkan Kasus Pencabulan Anak
268,2023,LP/031/2023/PSM,PER-2023-031,Persetubuhan Anak,Padang Gelugur,Juli,Dugaan Persetubuhan Anak Terjadi di Lingkungan Permukiman Pasaman,Kasus Persetubuhan Anak Dilaporkan dari Permukiman Pasaman
269,2023,LP/032/2023/PSM,PER-2023-032,Persetubuhan Anak,Tigo Nagari,Agustus,Persetubuhan Anak Dilaporkan Terjadi di Wilayah Perdesaan Pasaman,Wilayah Desa Pasaman Laporkan Kasus Persetubuhan Anak
270,2023,LP/033/2023/PSM,PER-2023-033,Persetubuhan Anak,Rao Utara,September,Kasus Persetubuhan Anak Terjadi di Lingkungan Keluarga Pasaman,Kasus Persetubuhan Anak Dilaporkan dari Lingkungan Keluarga
271,2023,LP/034/2023/PSM,PER-2023-034,Persetubuhan Anak,Lubuk Sikaping,Oktober,Persetubuhan Anak Terjadi di Rumah Korban di Pasaman,Persetubuhan Anak Dilaporkan Terjadi di Rumah Korban
272,2023,LP/035/2023/PSM,PER-2023-035,Persetubuhan Anak,Bonjol,November,Kasus Persetubuhan Anak Terjadi di Sekitar Lingkungan Sekolah Pasaman,Lingkungan Sekolah Pasaman Laporkan Kasus Persetubuhan Anak
273,2023,LP/036/2023/PSM,PER-2023-036,Persetubuhan Anak,Rao,Desember,Persetubuhan Anak Dilaporkan Terjadi di Area Publik Pasaman,Area Publik Pasaman Dilaporkan Terjadi Persetubuhan Anak
274,2023,LP/037/2023/PSM,PER-2023-037,Persetubuhan Anak,Rao Selatan,Januari,Kasus Persetubuhan Anak Terjadi di Kecamatan Padat Penduduk Pasaman,Kecamatan Padat Penduduk Pasaman Laporkan Persetubuhan Anak
275,2023,LP/038/2023/PSM,PER-2023-038,Persetubuhan Anak,Panti,Februari,Persetubuhan Anak Terjadi di Lingkungan Sosial Pasaman,Kasus Persetubuhan Anak Terjadi di Lingkungan Sosial Pasaman
276,2023,LP/039/2023/PSM,PER-2023-039,Persetubuhan Anak,Duo Koto,Maret,Kasus Persetubuhan Anak Terjadi di Lingkungan Tetangga Pasaman,Lingkungan Tetangga Pasaman Laporkan Kasus Persetubuhan Anak
277,2023,LP/040/2023/PSM,PER-2023-040,Persetubuhan Anak,Mapat Tunggul,April,Persetubuhan Anak Dilaporkan Terjadi di Area Perkebunan Pasaman,Area Perkebunan Pasaman Laporkan Persetubuhan Anak
278,2023,LP/041/2023/PSM,PER-2023-041,Persetubuhan Anak,Mapat Tunggul Selatan,Mei,Kasus Persetubuhan Anak Terjadi di Lingkungan Rumah Kontrakan Pasaman,Rumah Kontrakan Pasaman Dilaporkan Terjadi Persetubuhan Anak
279,2023,LP/042/2023/PSM,PER-2023-042,Persetubuhan Anak,Padang Gelugur,Juni,Persetubuhan Anak Terjadi di Permukiman Padat Pasaman,Permukiman Padat Pasaman Laporkan Kasus Persetubuhan Anak
280,2023,LP/043/2023/PSM,PER-2023-043,Persetubuhan Anak,Tigo Nagari,Juli,Kasus Persetubuhan Anak Terjadi di Sekitar Fasilitas Umum Pasaman,Fasilitas Umum Pasaman Laporkan Kasus Persetubuhan Anak
281,2023,LP/044/2023/PSM,PER-2023-044,Persetubuhan Anak,Rao Utara,Agustus,Persetubuhan Anak Dilaporkan Terjadi di Wilayah Pinggiran Pasaman,Wilayah Pinggiran Pasaman Laporkan Kasus Persetubuhan Anak
282,2023,LP/045/2023/PSM,PER-2023-045,Persetubuhan Anak,Lubuk Sikaping,September,Kasus Persetubuhan Anak Terjadi di Lingkungan Tempat Tinggal Pasaman,Lingkungan Tempat Tinggal Pasaman Laporkan Persetubuhan Anak
283,2024,LP/001/2024/PSM,CUR-2024-001,Curat,Lubuk Sikaping,Januari,Aksi Pencurian Rumah Warga Terjadi Saat Pemilik Keluar Kota di Kabupaten Pasaman,Rumah Warga di Pasaman Dibobol Saat Ditinggal Bepergian
284,2024,LP/002/2024/PSM,CUR-2024-002,Curat,Bonjol,Februari,Pencurian Properti Warga Terjadi di Permukiman Padat Kabupaten Pasaman,Permukiman Padat di Pasaman Jadi Lokasi Pencurian
285,2024,LP/003/2024/PSM,CUR-2024-003,Curat,Rao,Maret,Kasus Pencurian Dilaporkan dari Wilayah Perdesaan Kabupaten Pasaman,Wilayah Desa di Pasaman Dilaporkan Terjadi Pencurian
286,2024,LP/004/2024/PSM,CUR-2024-004,Curat,Rao Selatan,April,Aksi Pencurian Terjadi Saat Malam Hari di Kabupaten Pasaman,Pencurian Malam Hari Resahkan Warga Pasaman
287,2024,LP/005/2024/PSM,CUR-2024-005,Curat,Panti,Mei,Pencurian Barang Berharga Terjadi di Lingkungan Permukiman Pasaman,Barang Berharga Warga Pasaman Hilang Dicuri
288,2024,LP/006/2024/PSM,CUR-2024-006,Curat,Duo Koto,Juni,Pencurian Rumah Kosong Terjadi di Kabupaten Pasaman,Rumah Kosong di Pasaman Menjadi Sasaran Pencurian
289,2024,LP/007/2024/PSM,CUR-2024-007,Curat,Mapat Tunggul,Juli,Kasus Pencurian Dilaporkan dari Kecamatan Padat Aktivitas di Pasaman,Kawasan Ramai Aktivitas di Pasaman Dilaporkan Terjadi Pencurian
290,2024,LP/008/2024/PSM,CUR-2024-008,Curat,Mapat Tunggul Selatan,Agustus,Pencurian Terjadi Saat Subuh di Kabupaten Pasaman,Pencurian Subuh Hari Terjadi di Pasaman
291,2024,LP/009/2024/PSM,CUR-2024-009,Curat,Padang Gelugur,September,Aksi Pencurian Menyasar Rumah Kontrakan di Pasaman,Rumah Kontrakan di Pasaman Dilaporkan Dibobol
292,2024,LP/010/2024/PSM,CUR-2024-010,Curat,Tigo Nagari,Oktober,Kasus Pencurian Properti Terjadi di Permukiman Baru Pasaman,Permukiman Baru di Pasaman Jadi Target Pencurian
293,2024,LP/011/2024/PSM,CUR-2024-011,Curat,Rao Utara,November,Pencurian Terjadi Saat Lingkungan Dalam Keadaan Sepi di Pasaman,Kondisi Sepi Dimanfaatkan Pelaku Pencurian di Pasaman
294,2024,LP/012/2024/PSM,CUR-2024-012,Curat,Lubuk Sikaping,Desember,Kasus Pencurian Barang Elektronik Dilaporkan di Kabupaten Pasaman,Barang Elektronik Warga Pasaman Hilang Dicuri
295,2024,LP/013/2024/PSM,CUR-2024-013,Curat,Bonjol,Januari,Pencurian Terjadi di Lingkungan Rumah Bertingkat di Pasaman,Rumah Bertingkat di Pasaman Jadi Sasaran Pencurian
296,2024,LP/014/2024/PSM,CUR-2024-014,Curat,Rao,Februari,Kasus Pencurian Properti Dilaporkan dari Wilayah Pinggiran Pasaman,Wilayah Pinggiran Pasaman Dilaporkan Terjadi Pencurian
297,2024,LP/015/2024/PSM,CUR-2024-015,Curat,Rao Selatan,Maret,Pencurian Terjadi Saat Pemilik Rumah Terlelap di Pasaman,"Pemilik Terlelap, Rumah di Pasaman Dibobol Pencuri"
298,2024,LP/016/2024/PSM,CUR-2024-016,Curat,Panti,April,Kasus Pencurian Terjadi di Sekitar Area Pertokoan Pasaman,Area Pertokoan Pasaman Dilaporkan Terjadi Pencurian
299,2024,LP/017/2024/PSM,CUR-2024-017,Curat,Duo Koto,Mei,Pencurian Terjadi di Lingkungan Padat Penduduk Pasaman,Lingkungan Padat Penduduk Pasaman Disasar Pencurian
300,2024,LP/018/2024/PSM,CUR-2024-018,Curat,Mapat Tunggul,Juni,Kasus Pencurian Dilaporkan dari Kawasan Pemukiman Lama Pasaman,Pemukiman Lama di Pasaman Dilaporkan Terjadi Pencurian
301,2024,LP/019/2024/PSM,CUR-2024-019,Curat,Mapat Tunggul Selatan,Juli,Pencurian Properti Terjadi di Wilayah Perbatasan Pasaman,Wilayah Perbatasan Pasaman Dilaporkan Terjadi Pencurian
302,2024,LP/020/2024/PSM,CUR-2024-020,Curat,Padang Gelugur,Agustus,Pencurian Terjadi Saat Hujan Lebat di Kabupaten Pasaman,Hujan Lebat Dimanfaatkan Pelaku Pencurian di Pasaman
303,2024,LP/021/2024/PSM,CUR-2024-021,Curat,Tigo Nagari,September,Kasus Pencurian Terjadi di Lingkungan Sekolah Pasaman,Lingkungan Sekolah di Pasaman Dilaporkan Terjadi Pencurian
304,2024,LP/022/2024/PSM,CUR-2024-022,Curat,Rao Utara,Oktober,Pencurian Terjadi Saat Rumah Tidak Berpenghuni di Pasaman,Rumah Tak Berpenghuni di Pasaman Jadi Sasaran Pencurian
305,2024,LP/023/2024/PSM,CUR-2024-023,Curat,Lubuk Sikaping,November,Kasus Pencurian Dilaporkan dari Wilayah Perumahan Pasaman,Perumahan di Pasaman Dilaporkan Terjadi Pencurian
306,2024,LP/024/2024/PSM,CUR-2024-024,Curat,Bonjol,Desember,Pencurian Terjadi di Lingkungan Perkebunan Pasaman,Area Perkebunan Pasaman Dilaporkan Terjadi Pencurian
307,2024,LP/025/2024/PSM,CUR-2024-025,Curat,Rao,Januari,Rentetan Kasus Pencurian Sepanjang 2024 Terjadi di Kabupaten Pasaman,Serangkaian Kasus Pencurian Terjadi di Pasaman Sepanjang 2024
308,2024,LP/026/2024/PSM,CUR-2024-026,Curas,Rao Selatan,Februari,Pencurian Disertai Kekerasan Terjadi di Jalan Umum Kabupaten Pasaman,Warga Pasaman Jadi Korban Pencurian dengan Kekerasan
309,2024,LP/027/2024/PSM,CUR-2024-027,Curas,Panti,Maret,Aksi Perampasan dengan Kekerasan Dilaporkan di Pasaman,Kasus Perampasan Disertai Kekerasan Terjadi di Pasaman
310,2024,LP/028/2024/PSM,CUR-2024-028,Curas,Duo Koto,April,Pencurian Disertai Ancaman Terjadi di Kabupaten Pasaman,Korban Diancam Saat Terjadi Pencurian di Pasaman
311,2024,LP/029/2024/PSM,CUR-2024-029,Curas,Mapat Tunggul,Mei,Kasus Curas Terjadi Saat Korban Beraktivitas di Luar Rumah di Pasaman,Curas Terjadi Saat Warga Beraktivitas di Pasaman
312,2024,LP/030/2024/PSM,CUR-2024-030,Curanmor,Mapat Tunggul Selatan,Juni,Pencurian Sepeda Motor Terjadi di Area Permukiman Pasaman,Sepeda Motor Warga Pasaman Hilang Dicuri
313,2024,LP/031/2024/PSM,CUR-2024-031,Curanmor,Padang Gelugur,Juli,Kasus Pencurian Kendaraan Bermotor Dilaporkan dari Pasaman,Curanmor Dilaporkan Terjadi di Pasaman
314,2024,LP/032/2024/PSM,CUR-2024-032,Curanmor,Tigo Nagari,Agustus,Sepeda Motor Diparkir di Depan Rumah Dicuri di Pasaman,Motor Terparkir di Pasaman Raib Dicuri
315,2024,LP/033/2024/PSM,CUR-2024-033,Curanmor,Rao Utara,September,Pencurian Motor Terjadi di Area Perkantoran Pasaman,Motor di Area Kantor Pasaman Hilang Dicuri
316,2024,LP/034/2024/PSM,CUR-2024-034,Curanmor,Lubuk Sikaping,Oktober,Kasus Curanmor Terjadi di Lingkungan Padat Aktivitas Pasaman,Lingkungan Ramai di Pasaman Jadi Lokasi Curanmor
317,2024,LP/035/2024/PSM,CUR-2024-035,Curanmor,Bonjol,November,Pencurian Motor Terjadi di Sekitar Pasar Pasaman,Motor di Sekitar Pasar Pasaman Dicuri
318,2024,LP/036/2024/PSM,CUR-2024-036,Curanmor,Rao,Desember,Kasus Curanmor Terjadi di Area Parkir Umum Pasaman,Motor di Area Parkir Pasaman Hilang Dicuri
319,2024,LP/037/2024/PSM,CUR-2024-037,Curanmor,Rao Selatan,Januari,Pencurian Motor Terjadi Saat Korban Berbelanja di Pasaman,Motor Warga Pasaman Hilang Saat Berbelanja
320,2024,LP/038/2024/PSM,CUR-2024-038,Curanmor,Panti,Februari,Kasus Curanmor Terjadi di Permukiman Padat Pasaman,Permukiman Padat Pasaman Jadi Sasaran Curanmor
321,2024,LP/039/2024/PSM,CUR-2024-039,Curanmor,Duo Koto,Maret,Pencurian Motor Terjadi Saat Malam Hari di Pasaman,Curanmor Malam Hari Terjadi di Pasaman
322,2024,LP/040/2024/PSM,CUR-2024-040,Curanmor,Mapat Tunggul,April,Kasus Curanmor Dilaporkan dari Kecamatan di Pasaman,Laporan Curanmor Masuk dari Kecamatan di Pasaman
323,2024,LP/041/2024/PSM,CUR-2024-041,Curanmor,Mapat Tunggul Selatan,Mei,Pencurian Motor Terjadi di Lingkungan Sekolah Pasaman,Motor di Lingkungan Sekolah Pasaman Hilang Dicuri
324,2024,LP/042/2024/PSM,PEN-2024-042,Penipuan,Padang Gelugur,Juni,Kasus Penipuan Transaksi Online Dilaporkan di Kabupaten Pasaman,Warga Pasaman Laporkan Penipuan Transaksi Online
325,2024,LP/043/2024/PSM,PEN-2024-043,Penipuan,Tigo Nagari,Juli,Penipuan Bermodus Jual Beli Terjadi di Pasaman,Korban Laporkan Penipuan Jual Beli di Pasaman
326,2024,LP/044/2024/PSM,PEN-2024-044,Penipuan,Rao Utara,Agustus,Kasus Penipuan Mengatasnamakan Pihak Tertentu Terjadi di Pasaman,Penipuan Mengatasnamakan Instansi Terjadi di Pasaman
327,2024,LP/045/2024/PSM,PEN-2024-045,Penipuan,Lubuk Sikaping,September,Penipuan Berkedok Investasi Dilaporkan di Kabupaten Pasaman,Warga Pasaman Tertipu Investasi Bodong
328,2024,LP/046/2024/PSM,PEN-2024-046,Penipuan,Bonjol,Oktober,Kasus Penipuan Melalui Media Sosial Terjadi di Pasaman,Penipuan Lewat Media Sosial Dilaporkan Warga Pasaman
329,2024,LP/047/2024/PSM,PEN-2024-047,Penipuan,Rao,November,Penipuan Bermodus Hadiah Dilaporkan di Pasaman,Modus Hadiah Digunakan Pelaku Penipuan di Pasaman
330,2024,LP/048/2024/PSM,PEN-2024-048,Penipuan,Rao Selatan,Desember,Kasus Penipuan Janji Pekerjaan Terjadi di Kabupaten Pasaman,Penipuan Janji Kerja Dilaporkan di Pasaman
331,2024,LP/049/2024/PSM,PEN-2024-049,Penipuan,Panti,Januari,Penipuan Mengakibatkan Kerugian Finansial Dilaporkan di Pasaman,Korban Alami Kerugian Akibat Penipuan di Pasaman
332,2024,LP/050/2024/PSM,PEN-2024-050,Penipuan,Duo Koto,Februari,Kasus Penipuan Melibatkan Transaksi Non Tunai Terjadi di Pasaman,Penipuan Non Tunai Dilaporkan Warga Pasaman
333,2024,LP/051/2024/PSM,PEN-2024-051,Penipuan,Mapat Tunggul,Maret,Penipuan Berkedok Pinjaman Online Dilaporkan di Pasaman,Modus Pinjaman Online Digunakan Pelaku Penipuan di Pasaman
334,2024,LP/052/2024/PSM,PEN-2024-052,Penipuan,Mapat Tunggul Selatan,April,Kasus Penipuan Melalui Aplikasi Pesan Terjadi di Pasaman,Penipuan Lewat Aplikasi Pesan Dilaporkan di Pasaman
335,2024,LP/053/2024/PSM,PEN-2024-053,Penipuan,Padang Gelugur,Mei,Penipuan Mengatasnamakan Kerabat Terjadi di Pasaman,Modus Mengaku Kerabat Digunakan Pelaku Penipuan di Pasaman
336,2024,LP/054/2024/PSM,PEN-2024-054,Penipuan,Tigo Nagari,Juni,Kasus Penipuan Transaksi Properti Dilaporkan di Pasaman,Penipuan Transaksi Properti Dilaporkan Warga Pasaman
337,2024,LP/055/2024/PSM,PEN-2024-055,Penipuan,Rao Utara,Juli,Penipuan Bermodus Titip Dana Terjadi di Pasaman,Modus Titip Dana Digunakan dalam Penipuan di Pasaman
338,2024,LP/056/2024/PSM,PEN-2024-056,Penipuan,Lubuk Sikaping,Agustus,Kasus Penipuan Melalui Telepon Dilaporkan di Pasaman,Penipuan via Telepon Menimpa Warga Pasaman
339,2024,LP/057/2024/PSM,PEN-2024-057,Penipuan,Bonjol,September,Penipuan Berkedok Usaha Bersama Terjadi di Pasaman,Penipuan Usaha Bersama Dilaporkan di Pasaman
340,2024,LP/058/2024/PSM,PEN-2024-058,Penipuan,Rao,Oktober,Kasus Penipuan Transaksi Barang Dilaporkan di Pasaman,Penipuan Transaksi Barang Terjadi di Pasaman
341,2024,LP/059/2024/PSM,PEN-2024-059,Penipuan,Rao Selatan,November,Penipuan Berkedok Pengurusan Dokumen Terjadi di Pasaman,Modus Pengurusan Dokumen Digunakan Pelaku Penipuan di Pasaman
342,2024,LP/060/2024/PSM,PEN-2024-060,Penggelapan,Panti,Desember,Kasus Penggelapan Kendaraan Dilaporkan di Kabupaten Pasaman,Penggelapan Kendaraan Dilaporkan Warga Pasaman
343,2024,LP/061/2024/PSM,PEN-2024-061,Penggelapan,Duo Koto,Januari,Penggelapan Uang Usaha Terjadi di Pasaman,Kasus Penggelapan Uang Dilaporkan di Pasaman
344,2024,LP/062/2024/PSM,PEN-2024-062,Penggelapan,Mapat Tunggul,Februari,Kasus Penggelapan Barang Titipan Terjadi di Pasaman,"Barang Titipan Digelapkan, Warga Pasaman Lapor Polisi"
345,2024,LP/063/2024/PSM,PEN-2024-063,Penggelapan,Mapat Tunggul Selatan,Maret,Penggelapan Aset Pribadi Dilaporkan di Pasaman,"Aset Pribadi Digelapkan, Laporan Masuk di Pasaman"
346,2024,LP/064/2024/PSM,PEN-2024-064,Penggelapan,Padang Gelugur,April,Kasus Penggelapan Dana Kerja Sama Terjadi di Pasaman,Dana Kerja Sama Diduga Digelapkan di Pasaman
347,2024,LP/065/2024/PSM,PEN-2024-065,Penggelapan,Tigo Nagari,Mei,Penggelapan Kendaraan Sewa Terjadi di Pasaman,Kendaraan Sewa Dilaporkan Digelapkan di Pasaman
348,2024,LP/066/2024/PSM,PEN-2024-066,Penggelapan,Rao Utara,Juni,Kasus Penggelapan Hasil Penjualan Terjadi di Pasaman,"Hasil Penjualan Digelapkan, Warga Pasaman Lapor"
349,2024,LP/067/2024/PSM,PEN-2024-067,Penggelapan,Lubuk Sikaping,Juli,Penggelapan Aset Usaha Terjadi di Kabupaten Pasaman,Aset Usaha Dilaporkan Digelapkan di Pasaman
350,2024,LP/068/2024/PSM,PEN-2024-068,Penggelapan,Bonjol,Agustus,Kasus Penggelapan Barang Inventaris Terjadi di Pasaman,Barang Inventaris Dilaporkan Digelapkan di Pasaman
351,2024,LP/069/2024/PSM,PEN-2024-069,Penggelapan,Rao,September,Penggelapan Dana Titipan Terjadi di Pasaman,Dana Titipan Dilaporkan Digelapkan di Pasaman
352,2024,LP/070/2024/PSM,PER-2024-070,Perjudian,Rao Selatan,Oktober,Aktivitas Perjudian Konvensional Dilaporkan Terjadi di Pasaman,Praktik Judi Konvensional Dilaporkan di Pasaman
353,2024,LP/071/2024/PSM,PER-2024-071,Perjudian,Panti,November,Dugaan Perjudian Online Terjadi di Kabupaten Pasaman,Perjudian Online Dilaporkan Terjadi di Pasaman
354,2024,LP/072/2024/PSM,PER-2024-072,Perjudian,Duo Koto,Desember,Kasus Perjudian Dilaporkan dari Permukiman Pasaman,Perjudian Dilaporkan Terjadi di Lingkungan Pasaman
355,2024,LP/073/2024/PSM,PER-2024-073,Perjudian,Mapat Tunggul,Januari,Aktivitas Judi Dilaporkan dari Kecamatan di Pasaman,Laporan Judi Masuk dari Kecamatan di Pasaman
356,2024,LP/074/2024/PSM,PER-2024-074,Perjudian,Mapat Tunggul Selatan,Februari,Kasus Perjudian Terjadi di Wilayah Perdesaan Pasaman,Perjudian Dilaporkan Terjadi di Wilayah Desa Pasaman
357,2024,LP/075/2024/PSM,PER-2024-075,Perjudian,Padang Gelugur,Maret,Dugaan Aktivitas Judi Masuk dalam Penyelidikan di Pasaman,Aparat Selidiki Dugaan Judi di Pasaman
358,2024,LP/076/2024/PSM,PEN-2024-076,Pencabulan Anak,Tigo Nagari,April,Kasus Dugaan Pencabulan Anak Dilaporkan Terjadi di Kabupaten Pasaman,Dugaan Pencabulan Anak Dilaporkan di Pasaman
359,2024,LP/077/2024/PSM,PEN-2024-077,Pencabulan Anak,Rao Utara,Mei,Polisi Tangani Laporan Pencabulan Anak di Pasaman,Kasus Pencabulan Anak Ditangani Polisi Pasaman
360,2024,LP/078/2024/PSM,PEN-2024-078,Pencabulan Anak,Lubuk Sikaping,Juni,Pencabulan Anak Dilaporkan Terjadi di Lingkungan Permukiman Pasaman,Lingkungan Permukiman Pasaman Dilaporkan Terjadi Pencabulan Anak
361,2024,LP/079/2024/PSM,PEN-2024-079,Pencabulan Anak,Bonjol,Juli,Kasus Pencabulan Anak Terjadi di Wilayah Perdesaan Pasaman,Wilayah Desa Pasaman Dilaporkan Terjadi Pencabulan Anak
362,2024,LP/080/2024/PSM,PEN-2024-080,Pencabulan Anak,Rao,Agustus,Dugaan Kekerasan Seksual terhadap Anak Diselidiki di Pasaman,Kasus Kekerasan Seksual Anak Diselidiki Polisi Pasaman
363,2024,LP/081/2024/PSM,PEN-2024-081,Pencabulan Anak,Rao Selatan,September,Pencabulan Anak Terjadi di Lingkungan Keluarga di Pasaman,Kasus Pencabulan Anak Dilaporkan dari Lingkungan Keluarga Pasaman
364,2024,LP/082/2024/PSM,PEN-2024-082,Pencabulan Anak,Panti,Oktober,Kasus Pencabulan Anak Dilaporkan oleh Orang Tua di Pasaman,Orang Tua Laporkan Dugaan Pencabulan Anak di Pasaman
365,2024,LP/083/2024/PSM,PEN-2024-083,Pencabulan Anak,Duo Koto,November,Dugaan Pencabulan Anak Terjadi di Lingkungan Sekolah Pasaman,Kasus Pencabulan Anak Dilaporkan dari Lingkungan Sekolah Pasaman
366,2024,LP/084/2024/PSM,PEN-2024-084,Pencabulan Anak,Mapat Tunggul,Desember,Pencabulan Anak Dilaporkan Terjadi di Kecamatan Pasaman,Kasus Pencabulan Anak Dilaporkan dari Kecamatan di Pasaman
367,2024,LP/085/2024/PSM,PEN-2024-085,Pencabulan Anak,Mapat Tunggul Selatan,Januari,Dugaan Pencabulan Anak Terjadi di Lingkungan Tetangga Pasaman,Kasus Pencabulan Anak Dilaporkan dari Lingkungan Tetangga Pasaman
368,2024,LP/086/2024/PSM,PEN-2024-086,Pencabulan Anak,Padang Gelugur,Februari,Kasus Pencabulan Anak Terjadi di Lingkungan Sosial Pasaman,Pencabulan Anak Dilaporkan Terjadi di Lingkungan Sosial Pasaman
369,2024,LP/087/2024/PSM,PEN-2024-087,Pencabulan Anak,Tigo Nagari,Maret,Pencabulan Anak Dilaporkan Terjadi di Area Publik Pasaman,Kasus Pencabulan Anak Terjadi di Area Publik Pasaman
370,2024,LP/088/2024/PSM,PEN-2024-088,Pencabulan Anak,Rao Utara,April,Kasus Pencabulan Anak Terjadi di Rumah Korban di Pasaman,Pencabulan Anak Terjadi di Rumah Korban di Pasaman
371,2024,LP/089/2024/PSM,PEN-2024-089,Pencabulan Anak,Lubuk Sikaping,Mei,Dugaan Pencabulan Anak Dilaporkan oleh Pihak Sekolah di Pasaman,Sekolah Laporkan Dugaan Pencabulan Anak di Pasaman
372,2024,LP/090/2024/PSM,PEN-2024-090,Pencabulan Anak,Bonjol,Juni,Kasus Pencabulan Anak Dilaporkan oleh Keluarga di Pasaman,Keluarga Laporkan Dugaan Pencabulan Anak di Pasaman
373,2024,LP/091/2024/PSM,PEN-2024-091,Pencabulan Anak,Rao,Juli,Pencabulan Anak Terjadi di Lingkungan Tempat Tinggal Pasaman,Kasus Pencabulan Anak Dilaporkan di Lingkungan Tempat Tinggal Pasaman
374,2024,LP/092/2024/PSM,PEN-2024-092,Pencabulan Anak,Rao Selatan,Agustus,Dugaan Pencabulan Anak Dilaporkan Terjadi di Pasaman,Laporan Dugaan Pencabulan Anak Masuk di Pasaman
375,2024,LP/093/2024/PSM,PEN-2024-093,Pencabulan Anak,Panti,September,Kasus Pencabulan Anak Ditangani Unit Perlindungan Perempuan dan Anak Pasaman,Unit PPA Pasaman Tangani Kasus Pencabulan Anak
376,2024,LP/094/2024/PSM,PER-2024-094,Persetubuhan Anak,Duo Koto,Oktober,Kasus Dugaan Persetubuhan Anak Dilaporkan Terjadi di Kabupaten Pasaman,Dugaan Persetubuhan Anak Dilaporkan di Pasaman
377,2024,LP/095/2024/PSM,PER-2024-095,Persetubuhan Anak,Mapat Tunggul,November,Polisi Tangani Laporan Persetubuhan Anak di Pasaman,Kasus Persetubuhan Anak Ditangani Polisi Pasaman
378,2024,LP/096/2024/PSM,PER-2024-096,Persetubuhan Anak,Mapat Tunggul Selatan,Desember,Persetubuhan Anak Dilaporkan Terjadi di Lingkungan Permukiman Pasaman,Lingkungan Permukiman Pasaman Dilaporkan Terjadi Persetubuhan Anak
379,2024,LP/097/2024/PSM,PER-2024-097,Persetubuhan Anak,Padang Gelugur,Januari,Kasus Persetubuhan Anak Terjadi di Wilayah Perdesaan Pasaman,Wilayah Desa Pasaman Dilaporkan Terjadi Persetubuhan Anak
380,2024,LP/098/2024/PSM,PER-2024-098,Persetubuhan Anak,Tigo Nagari,Februari,Dugaan Persetubuhan Anak Terjadi di Lingkungan Keluarga Pasaman,Kasus Persetubuhan Anak Dilaporkan dari Lingkungan Keluarga Pasaman
381,2024,LP/099/2024/PSM,PER-2024-099,Persetubuhan Anak,Rao Utara,Maret,Persetubuhan Anak Dilaporkan Terjadi di Lingkungan Sekolah Pasaman,Kasus Persetubuhan Anak Dilaporkan dari Lingkungan Sekolah Pasaman
382,2024,LP/100/2024/PSM,PER-2024-100,Persetubuhan Anak,Lubuk Sikaping,April,Kasus Persetubuhan Anak Terjadi di Rumah Korban di Pasaman,Persetubuhan Anak Dilaporkan Terjadi di Rumah Korban Pasaman
383,2024,LP/101/2024/PSM,PER-2024-101,Persetubuhan Anak,Bonjol,Mei,Persetubuhan Anak Dilaporkan Terjadi di Area Publik Pasaman,Kasus Persetubuhan Anak Terjadi di Area Publik Pasaman
384,2024,LP/102/2024/PSM,PER-2024-102,Persetubuhan Anak,Rao,Juni,Dugaan Persetubuhan Anak Dilaporkan oleh Orang Tua di Pasaman,Orang Tua Laporkan Dugaan Persetubuhan Anak di Pasaman
385,2024,LP/103/2024/PSM,PER-2024-103,Persetubuhan Anak,Rao Selatan,Juli,Kasus Persetubuhan Anak Dilaporkan dari Kecamatan di Pasaman,Persetubuhan Anak Dilaporkan dari Kecamatan di Pasaman
386,2024,LP/104/2024/PSM,PER-2024-104,Persetubuhan Anak,Panti,Agustus,Persetubuhan Anak Terjadi di Lingkungan Sosial Pasaman,Kasus Persetubuhan Anak Dilaporkan di Lingkungan Sosial Pasaman
387,2024,LP/105/2024/PSM,PER-2024-105,Persetubuhan Anak,Duo Koto,September,Kasus Persetubuhan Anak Ditangani Unit PPA Polres Pasaman,Unit PPA Polres Pasaman Tangani Kasus Persetubuhan Anak
388,2024,LP/106/2024/PSM,PEN-2024-106,Penganiayaan,Mapat Tunggul,Oktober,Kasus Penganiayaan Antarwarga Terjadi di Kabupaten Pasaman,Penganiayaan Antarwarga Dilaporkan di Pasaman
389,2024,LP/107/2024/PSM,PEN-2024-107,Penganiayaan,Mapat Tunggul Selatan,November,Penganiayaan Terjadi Akibat Perselisihan di Pasaman,Perselisihan Berujung Penganiayaan di Pasaman
390,2024,LP/108/2024/PSM,PEN-2024-108,Penganiayaan,Padang Gelugur,Desember,Kasus Penganiayaan Terjadi di Tempat Umum Pasaman,Penganiayaan Terjadi di Tempat Umum Pasaman
391,2024,LP/109/2024/PSM,PEN-2024-109,Penganiayaan,Tigo Nagari,Januari,Penganiayaan Terjadi di Lingkungan Permukiman Pasaman,Kasus Penganiayaan Dilaporkan di Lingkungan Permukiman Pasaman
392,2024,LP/110/2024/PSM,PEN-2024-110,Penganiayaan,Rao Utara,Februari,Kasus Penganiayaan Terjadi Saat Aktivitas Warga di Pasaman,Penganiayaan Terjadi Saat Aktivitas Warga di Pasaman
393,2024,LP/111/2024/PSM,PEN-2024-111,Penganiayaan,Lubuk Sikaping,Maret,Penganiayaan Dipicu Kesalahpahaman Antarwarga di Pasaman,Kesalahpahaman Berujung Penganiayaan di Pasaman
394,2024,LP/112/2024/PSM,PEN-2024-112,Pengancaman,Bonjol,April,Kasus Pengancaman Dilaporkan Terjadi di Kabupaten Pasaman,Pengancaman Dilaporkan Terjadi di Pasaman
395,2024,LP/113/2024/PSM,KDR-2024-113,KDRT,Rao,Mei,Kasus Kekerasan dalam Rumah Tangga Dilaporkan di Kabupaten Pasaman,Kasus KDRT Dilaporkan Terjadi di Pasaman
396,2024,LP/114/2024/PSM,PER-2024-114,Perusakan,Rao Selatan,Juni,Perusakan Fasilitas Warga Dilaporkan Terjadi di Kabupaten Pasaman,Perusakan Fasilitas Warga Dilaporkan di Pasaman
397,2024,LP/115/2024/PSM,PEM-2024-115,Pemerasan,Panti,Juli,Kasus Pemerasan Dilaporkan Terjadi di Kabupaten Pasaman,Pemerasan Dilaporkan Terjadi di Pasaman
398,2024,LP/116/2024/PSM,TIN-2024-116,Tindak Pidana Umum,Duo Koto,Agustus,Berbagai Tindak Pidana Umum Dilaporkan Terjadi di Kabupaten Pasaman,Berbagai Tindak Pidana Umum Dilaporkan di Pasaman
